,importance
Price_in_Lakhs,2.0126428529090608
City,0.012548163086583464
Is_Ready,0.004363047437725716
Property_Type,0.002939477405703883
Transport_Score,0.002908168858042274
Price_per_SqFt,1.0758194161445782e-07
Floor_No,1.6847163331057402e-08
Floor_Ratio,1.3098086504292894e-08
Furnished_Status,7.709005397001553e-09
Owner_Type,5.732971689968262e-09
Facing,5.646578501069162e-09
Total_Floors,5.643047695791381e-09
Age_of_Property,4.316878965404669e-09
Nearby_Hospitals,1.8981253235850204e-09
BHK,-3.234420139127299e-10
